{
  "val_auc": 0.70629882021086,
  "test_auc": 0.7064011249300899,
  "val_f1@0.5": 0.5032741581808897,
  "test_f1@0.5": 0.5055083412023922,
  "val_best_f1_threshold": 0.47000000000000003,
  "val_best_f1": 0.5048080278014263,
  "test_f1@best_val_thr": 0.5066729563456965,
  "val_profit_ref_f1": 0.42960620461812976,
  "test_profit_ref_f1": 0.4294059778714308
}